domain,j,m_add,v_add,m_prop,v_prop
d1,Moderate,0.1256572,0.0533692,0,0
d2,Moderate,0.1115718,0.0124483,0,0
d3,Moderate,0.1115718,0.0124483,0,0
d4,Moderate,0.0859251,0.0188289,0,0
d5,Moderate,0.1741533,0.1133482,0,0
